{
  "rouge1": 0.5003844243891331,
  "rouge2": 0.3177882060103176,
  "rougeL": 0.463557875685604,
  "rougeLsum": 0.46287489114790625
}