{
  "rouge1": 0.47299176635713114,
  "rouge2": 0.28946996758382865,
  "rougeL": 0.4383722014331913,
  "rougeLsum": 0.438432491624409
}