{
  "rouge1": 0.46586962838973267,
  "rouge2": 0.28216165334048804,
  "rougeL": 0.4268240843314881,
  "rougeLsum": 0.42523794375269575
}