{
  "rouge1": 0.4210628698175861,
  "rouge2": 0.25601300908259295,
  "rougeL": 0.3841993244661861,
  "rougeLsum": 0.38389886387151295
}