{
  "rouge1": 0.42423329343789895,
  "rouge2": 0.2635256857012991,
  "rougeL": 0.391879663030858,
  "rougeLsum": 0.39215548310220166
}