{
  "rouge1": 0.4635302608642027,
  "rouge2": 0.27507346652578873,
  "rougeL": 0.43007015467188225,
  "rougeLsum": 0.42945847539767845
}